,Date,IP Address,logged-in,Connect to Me,Share Files,Generic Processing,PPK Processing,CSDP Processing,Image Processing,Delete Empty Processing,Culvert Processing,Downloads
0,35,35,35,3,0,0,0,0,0,0,6,26
1,2024/08/29 | 12:15:48,127.0.0.1,Logged-in Properly,0,0,0,0,0,0,0,1,0
2,2024/08/29 | 12:18:17,127.0.0.1,Logged-in Properly,0,0,0,0,0,0,0,1,0
3,2024/08/29 | 12:18:17,127.0.0.1,Bad inputs,0,0,0,0,0,0,0,1,0
4,2024/08/29 | 12:19:05,127.0.0.1,Logged-in Properly,0,0,0,0,0,0,0,1,0
5,2024/08/29 | 12:19:05,127.0.0.1,Culvert Processing,0,0,0,0,0,0,0,1,0
6,2024/08/29 | 12:22:15,127.0.0.1,Logged-in Properly,0,0,0,0,0,0,0,1,0
7,2024/08/29 | 12:22:15,127.0.0.1,CulvertProcessingApp.rar,0,0,0,0,0,0,0,0,1
8,2024/09/15 | 09:33:39,192.168.10.134,Password Incorrect,1,0,0,0,0,0,0,0,0
9,2024/09/15 | 09:33:46,192.168.10.134,Logged-in Properly,1,0,0,0,0,0,0,0,0
10,2024/09/15 | 09:35:06,192.168.10.117,Logged-in Properly,1,0,0,0,0,0,0,0,0
11,2024/09/15 | 09:35:11,192.168.10.117,GenericProcessingApp.rar,0,0,0,0,0,0,0,0,1
12,2024/09/15 | 09:35:11,192.168.10.117,GenericProcessingApp.rar,0,0,0,0,0,0,0,0,1
13,2024/09/15 | 09:35:11,192.168.10.117,GenericProcessingApp.rar,0,0,0,0,0,0,0,0,1
14,2024/09/15 | 09:35:11,192.168.10.117,GenericProcessingApp.rar,0,0,0,0,0,0,0,0,1
15,2024/09/15 | 09:35:14,192.168.10.117,GenericProcessingApp.rar,0,0,0,0,0,0,0,0,1
16,2024/09/15 | 09:35:14,192.168.10.117,GenericProcessingApp.rar,0,0,0,0,0,0,0,0,1
17,2024/09/15 | 09:35:28,192.168.10.117,GenericProcessingApp.rar,0,0,0,0,0,0,0,0,1
18,2024/09/15 | 09:35:31,192.168.10.117,GenericProcessingApp.rar,0,0,0,0,0,0,0,0,1
19,2024/09/15 | 09:35:39,192.168.10.117,GenericProcessingApp.rar,0,0,0,0,0,0,0,0,1
20,2024/09/15 | 09:35:39,192.168.10.117,GenericProcessingApp.rar,0,0,0,0,0,0,0,0,1
21,2024/09/15 | 09:35:41,192.168.10.117,GenericProcessingApp.rar,0,0,0,0,0,0,0,0,1
22,2024/09/15 | 09:35:41,192.168.10.117,GenericProcessingApp.rar,0,0,0,0,0,0,0,0,1
23,2024/09/15 | 09:35:41,192.168.10.117,GenericProcessingApp.rar,0,0,0,0,0,0,0,0,1
24,2024/09/15 | 09:35:42,192.168.10.117,GenericProcessingApp.rar,0,0,0,0,0,0,0,0,1
25,2024/09/15 | 09:35:42,192.168.10.117,GenericProcessingApp.rar,0,0,0,0,0,0,0,0,1
26,2024/09/15 | 09:35:43,192.168.10.117,GenericProcessingApp.rar,0,0,0,0,0,0,0,0,1
27,2024/09/15 | 09:35:44,192.168.10.117,GenericProcessingApp.rar,0,0,0,0,0,0,0,0,1
28,2024/09/15 | 09:35:44,192.168.10.117,GenericProcessingApp.rar,0,0,0,0,0,0,0,0,1
29,2024/09/15 | 09:35:47,192.168.10.117,GenericProcessingApp.rar,0,0,0,0,0,0,0,0,1
30,2024/09/15 | 09:35:47,192.168.10.117,GenericProcessingApp.rar,0,0,0,0,0,0,0,0,1
31,2024/09/15 | 09:35:47,192.168.10.117,GenericProcessingApp.rar,0,0,0,0,0,0,0,0,1
32,2024/09/15 | 09:35:47,192.168.10.117,GenericProcessingApp.rar,0,0,0,0,0,0,0,0,1
33,2024/09/15 | 09:35:48,192.168.10.117,GenericProcessingApp.rar,0,0,0,0,0,0,0,0,1
34,2024/09/15 | 09:35:49,192.168.10.117,GenericProcessingApp.rar,0,0,0,0,0,0,0,0,1
35,2024/09/15 | 09:35:49,192.168.10.117,GenericProcessingApp.rar,0,0,0,0,0,0,0,0,1
